{"relationships":[{"start":540418,"end":540418,"id":6612715,"type":"IS_SELF_COMPATIBLE","properties":{"p10019CreateActivity":258274319483630914,"p10019Latest":true,"metadataPurpose":true,"createdDate":1726039644405,"p10019Create":6,"drniId":258273701008340264,"BPIUId":"bpi.extract.library.c003.040924.258273701008340264","relationshipTypeList":["CONVERSION_ERROR","CONTAINS_PROPERTIES"],"latest":[10019]}},{"start":540418,"end":540418,"id":6612717,"type":"HAS_COMMON_PROPERTIES","properties":{"p10019CreateActivity":258274319483630914,"p10019Latest":true,"createdDate":1726039644408,"name":"Test DEvice C0051","p10019Create":6,"drniId":258273701008340266,"additionalProperties":[],"BPIUId":"bpi.extract.library.c003.040924.258273701008340266","latest":[10019]}},{"start":540418,"end":540418,"id":6612716,"type":"HAS_VERSION","properties":{"p10019CreateActivity":258274319483630914,"p10019Latest":true,"createdDate":1726039644407,"name":"Test DEvice C0051","description":"Test DEvice C0051","p10019Create":6,"drniId":258273701008340265,"additionalProperties":[],"BPIUId":"bpi.extract.library.c003.040924.258273701008340265","latest":[10019]}},{"start":540425,"end":540429,"id":6612727,"type":"HAS","properties":{"drniId":258274319483630906,"BPIUId":"bpi.fragment.library.c001.258274319483630906","latest":[]}},{"start":540425,"end":540428,"id":6612726,"type":"HAS","properties":{"drniId":258274319483630904,"BPIUId":"bpi.fragment.library.c001.258274319483630904","latest":[]}},{"start":540425,"end":540430,"id":6612729,"type":"HAS","properties":{"drniId":258274319483630909,"BPIUId":"bpi.fragment.library.c001.258274319483630909","latest":[]}},{"start":540425,"end":540427,"id":6612723,"type":"HAS","properties":{"drniId":258274319483630900,"BPIUId":"bpi.fragment.library.c001.258274319483630900","latest":[]}},{"start":540424,"end":540425,"id":6612722,"type":"HAS","properties":{"internalCreateActivity":258273769727817006,"createdDate":1725432489345,"internalPurpose":true,"drniId":258273769727817009,"BPIUId":"bpi.fragment.library.c001.258273769727817009","internalCreate":1726039725406,"latest":[]}},{"start":540425,"end":540434,"id":6612725,"type":"HAS","properties":{"drniId":258290262402233673,"BPIUId":"bpi.fragment.library.c001.258290262402233673","latest":[]}},{"start":540432,"end":540418,"id":6612734,"type":"MODIFY","properties":{"perspectivesBefore":[10018],"metadataPurpose":true,"drniId":258274319483630916,"perspectivesAfter":[10018,10019],"BPIUId":"bpi.fragment.library.c001.258274319483630916"}},{"start":540425,"end":540433,"id":6612736,"type":"HAS","properties":{"drniId":258274319483630919,"BPIUId":"bpi.fragment.library.c001.258274319483630919","latest":[]}},{"start":540424,"end":540420,"id":6612731,"type":"DEPENDENT_ON","properties":{"drniId":258274319483630911,"BPIUId":"bpi.fragment.library.c001.258274319483630911"}},{"start":540425,"end":540432,"id":6612733,"type":"HAS","properties":{"drniId":258274319483630915,"BPIUId":"bpi.fragment.library.c001.258274319483630915","latest":[]}},{"start":540425,"end":540431,"id":6612732,"type":"HAS","properties":{"drniId":258274319483630913,"BPIUId":"bpi.fragment.library.c001.258274319483630913","latest":[]}},{"start":540418,"end":12718,"id":6612713,"type":"HAS_METAMODEL","properties":{"p10019CreateActivity":258274319483630914,"p10019Latest":true,"createdDate":1726039644405,"p10019Create":6,"drniId":258273701008340262,"BPIUId":"bpi.extract.library.c003.040924.258273701008340262","latest":[10019]}},{"start":540436,"end":540434,"id":6612739,"type":"TAG_TO_ACTIVITY","properties":{"drniId":258274388203107661,"BPIUId":"bpi.fragment.library.c001.258274388203107661"}},{"start":540436,"end":540424,"id":6612738,"type":"TAG_FOR_LIBRARY","properties":{"drniId":258274388203107660,"BPIUId":"bpi.fragment.library.c001.258274388203107660"}}],"nodes":[{"id":540420,"properties":{"createdDate":1726039658569,"name":"Test DEvice C0051 added","drniId":258273701008340267,"BPIUId":"bpi.extract.library.c003.040924.258273701008340267","revision":360},"labels":["Tag"]},{"id":540418,"properties":{"metamodelId":100001,"p10019Latest":true,"createdDate":1726039644394,"lastModifiedDate":1726040059180,"name":"Test DEvice C0051","preferredDrniId":258273701008340261,"drniId":258273701008340259,"BPIUId":"bpi.extract.library.c003.040924.258273701008340259","type":"Device","latest":[10019]},"labels":["Model","XArchetype"]},{"id":12718,"properties":{"metamodelId":100006,"p10019Latest":true,"createdDate":1607420358329,"lastModifiedDate":1726040059179,"preferredDrniId":108,"name":"Device","drniId":256204830122372096,"BPIUId":"bpi.standard.v1.108","stageNodeId":526640,"latest":[10019]},"labels":["Model","XMetamodel"]},{"id":540436,"properties":{"createdDate":1726040139502,"name":"new device added","drniId":258274388203107659,"BPIUId":"bpi.fragment.library.c001.258274388203107659","revision":8},"labels":["Tag"]},{"id":540434,"properties":{"traceId":"ea64ff5d-da4c-4817-b7de-1687644f0ed9","endedDate":1726040069113,"precomputedtypename":"UI Activity","p10Latest":true,"lastModifiedDate":1726040069112,"archetypeInstanceId":161,"goLiveDate":8,"appliedIn":[10019],"type":"Activity","namespacePrefix":"bpi.fragment.library.c001","metamodelId":121,"createdDate":1726040069103,"hypermodelId":8,"archetypeId":160,"name":"Finish Dependency","perspective":10019,"drniId":258290262402233672,"BPIUId":"bpi.fragment.library.c001.258290262402233672","user":"chinmay","isClonedFromDrniId":161,"latest":[1,10],"status":"Planned"},"labels":["Activity"]},{"id":540433,"properties":{"endedDate":1726040059413,"precomputedtypename":"UI Activity","p10Latest":true,"lastModifiedDate":1726040059186,"archetypeInstanceId":161,"goLiveDate":7,"appliedIn":[10019],"type":"Activity","namespacePrefix":"bpi.fragment.library.c001","metamodelId":121,"createdDate":1726040059186,"hypermodelId":8,"archetypeId":160,"name":"Updating dependency on BPI Extract Library C003 040924 to tag Test DEvice C0051 added for library related nodes","perspective":10019,"drniId":258274319483630918,"BPIUId":"bpi.fragment.library.c001.258274319483630918","user":"chinmay","isClonedFromDrniId":161,"latest":[1,10],"status":"Planned"},"labels":["Activity"]},{"id":540432,"properties":{"createList":[258273701008340262,258273701008340264,258273701008340265,258273701008340266],"endedDate":1726040059182,"precomputedtypename":"UI Activity","p10Latest":true,"lastModifiedDate":1726040059180,"archetypeInstanceId":161,"goLiveDate":6,"appliedIn":[10019],"type":"Activity","namespacePrefix":"bpi.fragment.library.c001","metamodelId":121,"createdDate":1726040059113,"hypermodelId":8,"archetypeId":160,"name":"Updating dependency on BPI Extract Library C003 040924 to tag Test DEvice C0051 added - 0","perspective":10019,"drniId":258274319483630914,"BPIUId":"bpi.fragment.library.c001.258274319483630914","user":"chinmay","isClonedFromDrniId":161,"latest":[1,10],"status":"Planned"},"labels":["Activity"]},{"id":540431,"properties":{"endedDate":1726040059109,"precomputedtypename":"UI Activity","p10Latest":true,"lastModifiedDate":1726040059004,"archetypeInstanceId":161,"goLiveDate":5,"appliedIn":[10019],"type":"Activity","namespacePrefix":"bpi.fragment.library.c001","metamodelId":121,"createdDate":1726040059004,"hypermodelId":8,"archetypeId":160,"name":"Removing sourceLibrary perspective 10019 from HAS_VERSION's latest property","perspective":10019,"drniId":258274319483630912,"BPIUId":"bpi.fragment.library.c001.258274319483630912","user":"chinmay","isClonedFromDrniId":161,"latest":[1,10],"status":"Planned"},"labels":["Activity"]},{"id":540430,"properties":{"traceId":"943db734-9b86-400c-9870-0bfc34c8ed38","endedDate":1726040058760,"precomputedtypename":"UI Activity","p10Latest":true,"lastModifiedDate":1726040058759,"archetypeInstanceId":161,"goLiveDate":4,"appliedIn":[10019],"type":"Activity","namespacePrefix":"bpi.fragment.library.c001","metamodelId":121,"createdDate":1726040058750,"hypermodelId":8,"archetypeId":160,"name":"Start Dependency","perspective":10019,"drniId":258274319483630908,"BPIUId":"bpi.fragment.library.c001.258274319483630908","user":"chinmay","isClonedFromDrniId":161,"latest":[1,10],"status":"Planned"},"labels":["Activity"]},{"id":540429,"properties":{"traceId":"2ae91f6d-ab1c-411e-b8c5-3823f3a1476c","endedDate":1726040008267,"precomputedtypename":"UI Activity","p10Latest":true,"lastModifiedDate":1726040008266,"archetypeInstanceId":161,"goLiveDate":3,"appliedIn":[10019],"type":"Activity","namespacePrefix":"bpi.fragment.library.c001","metamodelId":121,"createdDate":1726040008257,"hypermodelId":8,"archetypeId":160,"name":"Finish Dependency","perspective":10019,"drniId":258274319483630905,"BPIUId":"bpi.fragment.library.c001.258274319483630905","user":"chinmay","isClonedFromDrniId":161,"latest":[1,10],"status":"Planned"},"labels":["Activity"]},{"id":540428,"properties":{"endedDate":1726039998050,"precomputedtypename":"UI Activity","p10Latest":true,"lastModifiedDate":1726039998043,"archetypeInstanceId":161,"goLiveDate":2,"appliedIn":[10019],"type":"Activity","namespacePrefix":"bpi.fragment.library.c001","metamodelId":121,"createdDate":1726039998043,"hypermodelId":8,"archetypeId":160,"name":"Updating dependency on BPI Extract Library C003 040924 to tag Device 0050 added without applying the changes","perspective":10019,"drniId":258274319483630903,"BPIUId":"bpi.fragment.library.c001.258274319483630903","user":"chinmay","isClonedFromDrniId":161,"latest":[1,10],"status":"Planned"},"labels":["Activity"]},{"id":540427,"properties":{"traceId":"5d43ca7b-48f0-4632-9769-295294ae18d8","endedDate":1726039997880,"precomputedtypename":"UI Activity","p10Latest":true,"lastModifiedDate":1726039997878,"archetypeInstanceId":161,"goLiveDate":1,"appliedIn":[10019],"type":"Activity","namespacePrefix":"bpi.fragment.library.c001","metamodelId":121,"createdDate":1726039997847,"hypermodelId":8,"archetypeId":160,"name":"Start Dependency","perspective":10019,"drniId":258274319483630899,"BPIUId":"bpi.fragment.library.c001.258274319483630899","user":"chinmay","isClonedFromDrniId":161,"latest":[1,10],"status":"Planned"},"labels":["Activity"]},{"id":540425,"properties":{"tmf639_dataSource_ingestion_uuid":"c6feda61-8021-4f28-8586-78dd50727a26","precomputedtypename":"Library Plan","p10Latest":true,"lastModifiedDate":1726039725431,"archetypeInstanceId":179,"type":"Plan","metamodelId":120,"default":true,"createdDate":1726039725406,"hypermodelId":7,"archetypeId":177,"name":"Library Plan","drniId":258273769727817008,"BPIUId":"bpi.fragment.library.c001.258273769727817008","isClonedFromDrniId":179,"latest":[2,3,10],"status":"In Service","pinnedPerspectives":[2,3]},"labels":["Plan"]},{"id":540424,"properties":{"p10Latest":true,"revisionNumber":8,"archetypeInstanceId":178,"type":"Library","perspective":10019,"drniId":258273769727817007,"BPIUId":"bpi.fragment.library.c001.258273769727817007","isClonedFromDrniId":178,"makingDependency":"OK","latest":[10019,2,3,10],"pinnedPerspectives":[10019],"p10019Latest":true,"tmf639_dataSource_ingestion_uuid":"64dd7403-ad65-447e-83bf-41579348cdaf","precomputedtypename":"Library","lastModifiedDate":1726040069112,"namespacePrefix":"bpi.fragment.library.c001","metamodelId":126,"createdDate":1726039724895,"hypermodelId":5,"p3Latest":true,"createdBy":"chinmay","archetypeId":176,"masteredInThisInstance":"Y","name":"BPI Fragment Library C001","status":"Planned"},"labels":["Library"]}]}